Title,Story
Malala speaks out re: Trump Muslim ban,Malala speaks out re: Trump Muslim ban
Clinton-Trump Lead in New National Poll,Clinton-Trump Lead in New National Poll
Secret Service protection authorized for Trump and Carson,Secret Service protection authorized for Trump and Carson
Trump Rising in New Quinnipiac Poll,Trump Rising in New Quinnipiac Poll
Richard Trumka at Christian Science Monitor Breakfast,Richard Trumka at Christian Science Monitor Breakfast
Donald Trump Time Magazine Cover Story,Donald Trump Time Magazine Cover Story
"ODIERNO ON IRAQ, ISIS, AND DONALD TRUMP","ODIERNO ON IRAQ, ISIS, AND DONALD TRUMP"
Trump Organization: We have been alerted to potential suspicious credit card activity,Trump Organization: We have been alerted to potential suspicious credit card activity
TRUMP FINANCIAL DISCLOSURE,TRUMP FINANCIAL DISCLOSURE
Donald Trump Fallout from Mexico Comments,Donald Trump Fallout from Mexico Comments
