PageName,PageTitle,PageLayout
Home.aspx,Producer Request,HomePageLayout.aspx
Crew-Request.aspx,Crew Request,HomePageLayout.aspx
Fulfiller.aspx,Fulfiller,HomePageLayout.aspx
Edit-Request.aspx,Edit Request,HomePageLayout.aspx
ER-Fulfiller.aspx,Edit Request Fulfiller,HomePageLayout.aspx
LF-Fulfiller.aspx,Long Form Fulfiller,HomePageLayout.aspx
Test.aspx,Test,HomePageLayout.aspx
File-Ingest.aspx,File Ingest,HomePageLayout.aspx
fileingest-fulfiller.aspx,File Ingest Fulfiller,HomePageLayout.aspx
MSNBC-Fulfiller.aspx,MSNBC Fulfiller,HomePageLayout.aspx
TdyWtdy-Fulfiller.aspx,TdyWtdy Fulfiller,HomePageLayout.aspx
Edit-Dashboard.aspx,Edit Fulfillment Dashboard,HomePageLayout.aspx
Approval.aspx,Approval,HomePageLayout.aspx
Producer-Dashboard.aspx,Producer Dashboard,HomePageLayout.aspx
