Title,Facilities
3E1,30 Rock
4W1,30 Rock
4W2,30 Rock
4W3,30 Rock
5W1,30 Rock
5W2,30 Rock
5W3,30 Rock
5W4,30 Rock
5W5,30 Rock
5W6,30 Rock
5W7,30 Rock
DE 10A,30 Rock
DE 10C,30 Rock
DE 11A,30 Rock
DE 11C,30 Rock
DE 12A,30 Rock
DE 12C,30 Rock
DE 13A,30 Rock
DE 13C,30 Rock
DE 1A,30 Rock
DE 1B,30 Rock
DE 1C,30 Rock
DE 2A,30 Rock
DE 2B,30 Rock
DE 2C,30 Rock
DE 3A,30 Rock
DE 3B,30 Rock
DE 3C,30 Rock
DE 4A,30 Rock
DE 4B,30 Rock
DE 4C,30 Rock
DE 51,30 Rock
DE 52,30 Rock
DE 53,30 Rock
DE 54,30 Rock
DE 55,30 Rock
DE 56,30 Rock
DE 57,30 Rock
DE 58,30 Rock
DE 59,30 Rock
DE 60,30 Rock
DE 61,30 Rock
DE 62,30 Rock
DE 63,30 Rock
DE 64,30 Rock
DOCTOR STATION,30 Rock
NLE 502,30 Rock
NLE 503,30 Rock
NLE 504,30 Rock
NLE 505,30 Rock
NLE 506,30 Rock
NLE 507,30 Rock
NLE 508,30 Rock
NLE 509,30 Rock
NLE 510,30 Rock
NLE 511,30 Rock
NLE 512,30 Rock
NLE 513,30 Rock
NLE 514,30 Rock
NLE 515,30 Rock
NLE 516,30 Rock
NLE 517,30 Rock
NLE 518,30 Rock
NLE 519,30 Rock
NLE 547,30 Rock
NLE 548,30 Rock
NLE 549,30 Rock
NLE 550,30 Rock
NLE 551,30 Rock
NLE 552,30 Rock
NLE 553,30 Rock
NLE 554,30 Rock
NLE 555,30 Rock
NLE 556,30 Rock
NLE 557,30 Rock
NLE 558,30 Rock
NLE 559,30 Rock
NLE 560,30 Rock
NLE 561,30 Rock
NLE 562,30 Rock
NLE 563,30 Rock
NLE 564,30 Rock
NLE 565,30 Rock
NLE 566,30 Rock
NLE 567,30 Rock
NLE 568,30 Rock
NLE 569,30 Rock
DC - Edit 1 (x5001),Washington
DC - Edit 2 (x5002),Washington
DC - Edit 3 (x5003),Washington
DC - Edit 4 (x5004),Washington
DC - Edit 5 (x5005),Washington
DC - Edit 6 (x5006),Washington
DC - Edit 7 (x5007),Washington
DC - Edit 8 (x5008),Washington
DC - Edit 9 (x5009),Washington
LA - NN-1,Los Angeles
LA - NN-2,Los Angeles
LA - NN-3,Los Angeles
LA - NN-4,Los Angeles
LA - NN-5,Los Angeles
LA - NN-6,Los Angeles
LA - DT-1,Los Angeles
LA - DT-2,Los Angeles
LA - DT-3,Los Angeles
LA - DT-4,Los Angeles
LA - TM-1,Los Angeles
LA - TM-2,Los Angeles
LA - CNBC-1,Los Angeles
LA - CNBC-2,Los Angeles
LA - DJ-1,Los Angeles
LA - DJ-2,Los Angeles
LA - DJ-3 ,Los Angeles
London - Edit 1,London
London - Edit 2,London
London - Edit 3,London
Chicago - Edit 1,Chicago
Chicago - Edit 2,Chicago
3E2,30 Rock
DC - Edit 10 (x50010),Washington
